<?xml version="1.0" encoding="UTF-8"?>
<GenRun Id="impl_1" LaunchPart="xc7a35tcpg236-1" LaunchTime="1686030897">
  <File Type="BITSTR-BMM" Name="nano_processor_bd.bmm"/>
  <File Type="OPT-METHODOLOGY-DRC" Name="nano_processor_methodology_drc_opted.rpt"/>
  <File Type="INIT-TIMING" Name="nano_processor_timing_summary_init.rpt"/>
  <File Type="ROUTE-PWR" Name="nano_processor_power_routed.rpt"/>
  <File Type="PA-TCL" Name="nano_processor.tcl"/>
  <File Type="OPT-TIMING" Name="nano_processor_timing_summary_opted.rpt"/>
  <File Type="OPT-DCP" Name="nano_processor_opt.dcp"/>
  <File Type="ROUTE-PWR-SUM" Name="nano_processor_power_summary_routed.pb"/>
  <File Type="REPORTS-TCL" Name="nano_processor_reports.tcl"/>
  <File Type="OPT-DRC" Name="nano_processor_drc_opted.rpt"/>
  <File Type="OPT-HWDEF" Name="nano_processor.hwdef"/>
  <File Type="PWROPT-DCP" Name="nano_processor_pwropt.dcp"/>
  <File Type="PWROPT-DRC" Name="nano_processor_drc_pwropted.rpt"/>
  <File Type="PWROPT-TIMING" Name="nano_processor_timing_summary_pwropted.rpt"/>
  <File Type="PLACE-DCP" Name="nano_processor_placed.dcp"/>
  <File Type="PLACE-IO" Name="nano_processor_io_placed.rpt"/>
  <File Type="PLACE-CLK" Name="nano_processor_clock_utilization_placed.rpt"/>
  <File Type="PLACE-UTIL" Name="nano_processor_utilization_placed.rpt"/>
  <File Type="PLACE-UTIL-PB" Name="nano_processor_utilization_placed.pb"/>
  <File Type="PLACE-CTRL" Name="nano_processor_control_sets_placed.rpt"/>
  <File Type="PLACE-SIMILARITY" Name="nano_processor_incremental_reuse_placed.rpt"/>
  <File Type="PLACE-PRE-SIMILARITY" Name="nano_processor_incremental_reuse_pre_placed.rpt"/>
  <File Type="BG-BGN" Name="nano_processor.bgn"/>
  <File Type="PLACE-TIMING" Name="nano_processor_timing_summary_placed.rpt"/>
  <File Type="POSTPLACE-PWROPT-DCP" Name="nano_processor_postplace_pwropt.dcp"/>
  <File Type="BG-BIN" Name="nano_processor.bin"/>
  <File Type="POSTPLACE-PWROPT-TIMING" Name="nano_processor_timing_summary_postplace_pwropted.rpt"/>
  <File Type="PHYSOPT-DCP" Name="nano_processor_physopt.dcp"/>
  <File Type="PHYSOPT-DRC" Name="nano_processor_drc_physopted.rpt"/>
  <File Type="BITSTR-MSK" Name="nano_processor.msk"/>
  <File Type="PHYSOPT-TIMING" Name="nano_processor_timing_summary_physopted.rpt"/>
  <File Type="ROUTE-ERROR-DCP" Name="nano_processor_routed_error.dcp"/>
  <File Type="ROUTE-DCP" Name="nano_processor_routed.dcp"/>
  <File Type="ROUTE-BLACKBOX-DCP" Name="nano_processor_routed_bb.dcp"/>
  <File Type="ROUTE-DRC" Name="nano_processor_drc_routed.rpt"/>
  <File Type="ROUTE-DRC-PB" Name="nano_processor_drc_routed.pb"/>
  <File Type="BITSTR-LTX" Name="debug_nets.ltx"/>
  <File Type="BITSTR-LTX" Name="nano_processor.ltx"/>
  <File Type="ROUTE-DRC-RPX" Name="nano_processor_drc_routed.rpx"/>
  <File Type="BITSTR-MMI" Name="nano_processor.mmi"/>
  <File Type="ROUTE-METHODOLOGY-DRC" Name="nano_processor_methodology_drc_routed.rpt"/>
  <File Type="ROUTE-METHODOLOGY-DRC-RPX" Name="nano_processor_methodology_drc_routed.rpx"/>
  <File Type="BITSTR-SYSDEF" Name="nano_processor.sysdef"/>
  <File Type="ROUTE-METHODOLOGY-DRC-PB" Name="nano_processor_methodology_drc_routed.pb"/>
  <File Type="ROUTE-PWR-RPX" Name="nano_processor_power_routed.rpx"/>
  <File Type="ROUTE-STATUS" Name="nano_processor_route_status.rpt"/>
  <File Type="ROUTE-STATUS-PB" Name="nano_processor_route_status.pb"/>
  <File Type="ROUTE-TIMINGSUMMARY" Name="nano_processor_timing_summary_routed.rpt"/>
  <File Type="ROUTE-TIMING-PB" Name="nano_processor_timing_summary_routed.pb"/>
  <File Type="ROUTE-TIMING-RPX" Name="nano_processor_timing_summary_routed.rpx"/>
  <File Type="ROUTE-SIMILARITY" Name="nano_processor_incremental_reuse_routed.rpt"/>
  <File Type="ROUTE-CLK" Name="nano_processor_clock_utilization_routed.rpt"/>
  <File Type="ROUTE-BUS-SKEW" Name="nano_processor_bus_skew_routed.rpt"/>
  <File Type="ROUTE-BUS-SKEW-PB" Name="nano_processor_bus_skew_routed.pb"/>
  <File Type="ROUTE-BUS-SKEW-RPX" Name="nano_processor_bus_skew_routed.rpx"/>
  <File Type="POSTROUTE-PHYSOPT-DCP" Name="nano_processor_postroute_physopt.dcp"/>
  <File Type="POSTROUTE-PHYSOPT-BLACKBOX-DCP" Name="nano_processor_postroute_physopt_bb.dcp"/>
  <File Type="POSTROUTE-PHYSOPT-TIMING" Name="nano_processor_timing_summary_postroute_physopted.rpt"/>
  <File Type="POSTROUTE-PHYSOPT-TIMING-PB" Name="nano_processor_timing_summary_postroute_physopted.pb"/>
  <File Type="POSTROUTE-PHYSOPT-TIMING-RPX" Name="nano_processor_timing_summary_postroute_physopted.rpx"/>
  <File Type="POSTROUTE-PHYSOPT-BUS-SKEW" Name="nano_processor_bus_skew_postroute_physopted.rpt"/>
  <File Type="POSTROUTE-PHYSOPT-BUS-SKEW-PB" Name="nano_processor_bus_skew_postroute_physopted.pb"/>
  <File Type="BG-BIT" Name="nano_processor.bit"/>
  <File Type="POSTROUTE-PHYSOPT-BUS-SKEW-RPX" Name="nano_processor_bus_skew_postroute_physopted.rpx"/>
  <File Type="BITSTR-RBT" Name="nano_processor.rbt"/>
  <File Type="BITSTR-NKY" Name="nano_processor.nky"/>
  <File Type="BG-DRC" Name="nano_processor.drc"/>
  <File Type="RDI-RDI" Name="nano_processor.vdi"/>
  <File Type="WBT-USG" Name="usage_statistics_webtalk.html"/>
  <FileSet Name="sources" Type="DesignSrcs" RelSrcDir="$PSRCDIR/sources_1">
    <Filter Type="Srcs"/>
    <File Path="$PSRCDIR/sources_1/new/ASUnit.vhd">
      <FileInfo>
        <Attr Name="UsedIn" Val="synthesis"/>
        <Attr Name="UsedIn" Val="simulation"/>
      </FileInfo>
    </File>
    <File Path="$PSRCDIR/sources_1/new/Adder_3bit.vhd">
      <FileInfo>
        <Attr Name="UsedIn" Val="synthesis"/>
        <Attr Name="UsedIn" Val="simulation"/>
      </FileInfo>
    </File>
    <File Path="$PSRCDIR/sources_1/new/Decoder_2_to_4.vhd">
      <FileInfo>
        <Attr Name="UsedIn" Val="synthesis"/>
        <Attr Name="UsedIn" Val="simulation"/>
      </FileInfo>
    </File>
    <File Path="$PSRCDIR/sources_1/new/Decoder_3_to_8.vhd">
      <FileInfo>
        <Attr Name="UsedIn" Val="synthesis"/>
        <Attr Name="UsedIn" Val="simulation"/>
      </FileInfo>
    </File>
    <File Path="$PPRDIR/../Lab 3/Lab 3.srcs/sources_1/new/FA.vhd">
      <FileInfo>
        <Attr Name="UsedIn" Val="synthesis"/>
        <Attr Name="UsedIn" Val="simulation"/>
      </FileInfo>
    </File>
    <File Path="$PPRDIR/../Lab 3/Lab 3.srcs/sources_1/new/HA.vhd">
      <FileInfo>
        <Attr Name="UsedIn" Val="synthesis"/>
        <Attr Name="UsedIn" Val="simulation"/>
      </FileInfo>
    </File>
    <File Path="$PSRCDIR/sources_1/new/InstructionDecoder.vhd">
      <FileInfo>
        <Attr Name="UsedIn" Val="synthesis"/>
        <Attr Name="UsedIn" Val="simulation"/>
      </FileInfo>
    </File>
    <File Path="$PSRCDIR/sources_1/new/Mux_2_to_1.vhd">
      <FileInfo>
        <Attr Name="UsedIn" Val="synthesis"/>
        <Attr Name="UsedIn" Val="simulation"/>
      </FileInfo>
    </File>
    <File Path="$PSRCDIR/sources_1/new/Mux_2_to_1_bit_3.vhd">
      <FileInfo>
        <Attr Name="UsedIn" Val="synthesis"/>
        <Attr Name="UsedIn" Val="simulation"/>
      </FileInfo>
    </File>
    <File Path="$PSRCDIR/sources_1/new/Mux_2_to_1_bit_4.vhd">
      <FileInfo>
        <Attr Name="UsedIn" Val="synthesis"/>
        <Attr Name="UsedIn" Val="simulation"/>
      </FileInfo>
    </File>
    <File Path="$PSRCDIR/sources_1/new/Mux_8_to_1.vhd">
      <FileInfo>
        <Attr Name="UsedIn" Val="synthesis"/>
        <Attr Name="UsedIn" Val="simulation"/>
      </FileInfo>
    </File>
    <File Path="$PSRCDIR/sources_1/new/Mux_8_to_1_bit_4.vhd">
      <FileInfo>
        <Attr Name="UsedIn" Val="synthesis"/>
        <Attr Name="UsedIn" Val="simulation"/>
      </FileInfo>
    </File>
    <File Path="$PSRCDIR/sources_1/new/ProgramCounter.vhd">
      <FileInfo>
        <Attr Name="UsedIn" Val="synthesis"/>
        <Attr Name="UsedIn" Val="simulation"/>
      </FileInfo>
    </File>
    <File Path="$PSRCDIR/sources_1/new/ROM.vhd">
      <FileInfo>
        <Attr Name="UsedIn" Val="synthesis"/>
        <Attr Name="UsedIn" Val="simulation"/>
      </FileInfo>
    </File>
    <File Path="$PSRCDIR/sources_1/new/RegBank.vhd">
      <FileInfo>
        <Attr Name="UsedIn" Val="synthesis"/>
        <Attr Name="UsedIn" Val="simulation"/>
      </FileInfo>
    </File>
    <File Path="$PSRCDIR/sources_1/new/Reg_4_bit.vhd">
      <FileInfo>
        <Attr Name="UsedIn" Val="synthesis"/>
        <Attr Name="UsedIn" Val="simulation"/>
      </FileInfo>
    </File>
    <File Path="$PSRCDIR/sources_1/new/nano_processor.vhd">
      <FileInfo>
        <Attr Name="UsedIn" Val="synthesis"/>
        <Attr Name="UsedIn" Val="simulation"/>
      </FileInfo>
    </File>
    <File Path="$PSRCDIR/sources_1/new/Slow_Clk.vhd">
      <FileInfo>
        <Attr Name="AutoDisabled" Val="1"/>
        <Attr Name="UsedIn" Val="synthesis"/>
        <Attr Name="UsedIn" Val="simulation"/>
      </FileInfo>
    </File>
    <File Path="$PSRCDIR/sources_1/new/LUT_16_7.vhd">
      <FileInfo>
        <Attr Name="AutoDisabled" Val="1"/>
        <Attr Name="UsedIn" Val="synthesis"/>
        <Attr Name="UsedIn" Val="simulation"/>
      </FileInfo>
    </File>
    <File Path="$PSRCDIR/sources_1/new/System.vhd">
      <FileInfo>
        <Attr Name="AutoDisabled" Val="1"/>
        <Attr Name="UsedIn" Val="synthesis"/>
        <Attr Name="UsedIn" Val="simulation"/>
      </FileInfo>
    </File>
    <Config>
      <Option Name="DesignMode" Val="RTL"/>
      <Option Name="TopModule" Val="nano_processor"/>
    </Config>
  </FileSet>
  <FileSet Name="constrs_in" Type="Constrs" RelSrcDir="$PSRCDIR/constrs_1">
    <Filter Type="Constrs"/>
    <File Path="$PSRCDIR/constrs_1/new/Basys3Labs.xdc">
      <FileInfo>
        <Attr Name="UsedIn" Val="synthesis"/>
        <Attr Name="UsedIn" Val="implementation"/>
      </FileInfo>
    </File>
    <Config>
      <Option Name="ConstrsType" Val="XDC"/>
    </Config>
  </FileSet>
  <Strategy Version="1" Minor="2">
    <StratHandle Name="Vivado Implementation Defaults" Flow="Vivado Implementation 2018"/>
    <Step Id="init_design"/>
    <Step Id="opt_design"/>
    <Step Id="power_opt_design"/>
    <Step Id="place_design"/>
    <Step Id="post_place_power_opt_design"/>
    <Step Id="phys_opt_design"/>
    <Step Id="route_design"/>
    <Step Id="post_route_phys_opt_design"/>
    <Step Id="write_bitstream"/>
  </Strategy>
</GenRun>
